timestamp,active_device,active_state
2026-05-13 18:00:00,fridge,COMPRESSOR_ON
2026-05-13 18:00:01,fridge,COMPRESSOR_ON
2026-05-13 18:00:02,fridge,COMPRESSOR_ON
2026-05-13 18:00:03,fridge,COMPRESSOR_ON
2026-05-13 18:00:04,fridge,COMPRESSOR_ON
2026-05-13 18:00:05,fridge,COMPRESSOR_ON
2026-05-13 18:00:06,fridge,COMPRESSOR_ON
2026-05-13 18:00:07,fridge,COMPRESSOR_ON
2026-05-13 18:00:08,fridge,COMPRESSOR_ON
2026-05-13 18:00:09,fridge,COMPRESSOR_ON
2026-05-13 18:00:10,fridge,COMPRESSOR_ON
2026-05-13 18:00:11,fridge,COMPRESSOR_ON
2026-05-13 18:00:12,fridge,COMPRESSOR_ON
2026-05-13 18:00:13,fridge,COMPRESSOR_ON
2026-05-13 18:00:14,fridge,COMPRESSOR_ON
2026-05-13 18:00:15,fridge,COMPRESSOR_ON
2026-05-13 18:00:16,fridge,COMPRESSOR_ON
2026-05-13 18:00:17,fridge,COMPRESSOR_ON
2026-05-13 18:00:18,fridge,COMPRESSOR_ON
2026-05-13 18:00:19,fridge,COMPRESSOR_ON
2026-05-13 18:00:20,fridge,COMPRESSOR_ON
2026-05-13 18:00:21,fridge,COMPRESSOR_ON
2026-05-13 18:00:22,fridge,COMPRESSOR_ON
2026-05-13 18:00:23,fridge,COMPRESSOR_ON
2026-05-13 18:00:24,fridge,COMPRESSOR_ON
2026-05-13 18:00:25,fridge,COMPRESSOR_ON
2026-05-13 18:00:26,fridge,COMPRESSOR_ON
2026-05-13 18:00:27,fridge,COMPRESSOR_ON
2026-05-13 18:00:28,fridge,COMPRESSOR_ON
2026-05-13 18:00:29,fridge,COMPRESSOR_ON
2026-05-13 18:00:30,fridge,COMPRESSOR_ON
2026-05-13 18:00:31,fridge,COMPRESSOR_ON
2026-05-13 18:00:32,fridge,COMPRESSOR_ON
2026-05-13 18:00:33,fridge,COMPRESSOR_ON
2026-05-13 18:00:34,fridge,COMPRESSOR_ON
2026-05-13 18:00:35,fridge,COMPRESSOR_ON
2026-05-13 18:00:36,fridge,COMPRESSOR_ON
2026-05-13 18:00:37,fridge,COMPRESSOR_ON
2026-05-13 18:00:38,fridge,COMPRESSOR_ON
2026-05-13 18:00:39,fridge,COMPRESSOR_ON
2026-05-13 18:00:40,fridge,COMPRESSOR_ON
2026-05-13 18:00:41,fridge,COMPRESSOR_ON
2026-05-13 18:00:42,fridge,COMPRESSOR_ON
2026-05-13 18:00:43,fridge,COMPRESSOR_ON
2026-05-13 18:00:44,fridge,COMPRESSOR_ON
2026-05-13 18:00:45,fridge,COMPRESSOR_ON
2026-05-13 18:00:46,fridge,COMPRESSOR_ON
2026-05-13 18:00:47,fridge,COMPRESSOR_ON
2026-05-13 18:00:48,fridge,COMPRESSOR_ON
2026-05-13 18:00:49,fridge,COMPRESSOR_ON
2026-05-13 18:00:50,fridge,COMPRESSOR_ON
2026-05-13 18:00:51,fridge,COMPRESSOR_ON
2026-05-13 18:00:52,fridge,COMPRESSOR_ON
2026-05-13 18:00:53,fridge,COMPRESSOR_ON
2026-05-13 18:00:54,fridge,COMPRESSOR_ON
2026-05-13 18:00:55,fridge,COMPRESSOR_ON
2026-05-13 18:00:56,fridge,COMPRESSOR_ON
2026-05-13 18:00:57,fridge,COMPRESSOR_ON
2026-05-13 18:00:58,fridge,COMPRESSOR_ON
2026-05-13 18:00:59,fridge,COMPRESSOR_ON
2026-05-13 18:01:00,fridge,COMPRESSOR_ON
2026-05-13 18:01:01,fridge,COMPRESSOR_ON
2026-05-13 18:01:02,fridge,COMPRESSOR_ON
2026-05-13 18:01:03,fridge,COMPRESSOR_ON
2026-05-13 18:01:04,fridge,COMPRESSOR_ON
2026-05-13 18:01:05,fridge,COMPRESSOR_ON
2026-05-13 18:01:06,fridge,COMPRESSOR_ON
2026-05-13 18:01:07,fridge,COMPRESSOR_ON
2026-05-13 18:01:08,fridge,COMPRESSOR_ON
2026-05-13 18:01:09,fridge,COMPRESSOR_ON
2026-05-13 18:01:10,fridge,COMPRESSOR_ON
2026-05-13 18:01:11,fridge,COMPRESSOR_ON
2026-05-13 18:01:12,fridge,COMPRESSOR_ON
2026-05-13 18:01:13,fridge,COMPRESSOR_ON
2026-05-13 18:01:14,fridge,COMPRESSOR_ON
2026-05-13 18:01:15,fridge,COMPRESSOR_ON
2026-05-13 18:01:16,fridge,COMPRESSOR_ON
2026-05-13 18:01:17,fridge,COMPRESSOR_ON
2026-05-13 18:01:18,fridge,COMPRESSOR_ON
2026-05-13 18:01:19,fridge,COMPRESSOR_ON
2026-05-13 18:01:20,fridge,COMPRESSOR_ON
2026-05-13 18:01:21,fridge,COMPRESSOR_ON
2026-05-13 18:01:22,fridge,COMPRESSOR_ON
2026-05-13 18:01:23,fridge,COMPRESSOR_ON
2026-05-13 18:01:24,fridge,COMPRESSOR_ON
2026-05-13 18:01:25,fridge,COMPRESSOR_ON
2026-05-13 18:01:26,fridge,COMPRESSOR_ON
2026-05-13 18:01:27,fridge,COMPRESSOR_ON
2026-05-13 18:01:28,fridge,COMPRESSOR_ON
2026-05-13 18:01:29,fridge,COMPRESSOR_ON
2026-05-13 18:01:30,fridge,COMPRESSOR_ON
2026-05-13 18:01:31,fridge,COMPRESSOR_ON
2026-05-13 18:01:32,fridge,COMPRESSOR_ON
2026-05-13 18:01:33,fridge,COMPRESSOR_ON
2026-05-13 18:01:34,fridge,COMPRESSOR_ON
2026-05-13 18:01:35,fridge,COMPRESSOR_ON
2026-05-13 18:01:36,fridge,COMPRESSOR_ON
2026-05-13 18:01:37,fridge,COMPRESSOR_ON
2026-05-13 18:01:38,fridge,COMPRESSOR_ON
2026-05-13 18:01:39,fridge,COMPRESSOR_ON
2026-05-13 18:01:40,fridge,COMPRESSOR_ON
2026-05-13 18:01:41,fridge,COMPRESSOR_ON
2026-05-13 18:01:42,fridge,COMPRESSOR_ON
2026-05-13 18:01:43,fridge,COMPRESSOR_ON
2026-05-13 18:01:44,fridge,COMPRESSOR_ON
2026-05-13 18:01:45,fridge,COMPRESSOR_ON
2026-05-13 18:01:46,fridge,COMPRESSOR_ON
2026-05-13 18:01:47,fridge,COMPRESSOR_ON
2026-05-13 18:01:48,fridge,COMPRESSOR_ON
2026-05-13 18:01:49,fridge,COMPRESSOR_ON
2026-05-13 18:01:50,fridge,COMPRESSOR_ON
2026-05-13 18:01:51,fridge,COMPRESSOR_ON
2026-05-13 18:01:52,fridge,COMPRESSOR_ON
2026-05-13 18:01:53,fridge,COMPRESSOR_ON
2026-05-13 18:01:54,fridge,COMPRESSOR_ON
2026-05-13 18:01:55,fridge,COMPRESSOR_ON
2026-05-13 18:01:56,fridge,COMPRESSOR_ON
2026-05-13 18:01:57,fridge,COMPRESSOR_ON
2026-05-13 18:01:58,fridge,COMPRESSOR_ON
2026-05-13 18:01:59,fridge,COMPRESSOR_ON
2026-05-13 18:02:00,pc,NORMAL
2026-05-13 18:02:01,pc,NORMAL
2026-05-13 18:02:02,pc,NORMAL
2026-05-13 18:02:03,pc,NORMAL
2026-05-13 18:02:04,pc,NORMAL
2026-05-13 18:02:05,pc,NORMAL
2026-05-13 18:02:06,pc,NORMAL
2026-05-13 18:02:07,pc,NORMAL
2026-05-13 18:02:08,pc,NORMAL
2026-05-13 18:02:09,pc,NORMAL
2026-05-13 18:02:10,pc,NORMAL
2026-05-13 18:02:11,pc,NORMAL
2026-05-13 18:02:12,pc,NORMAL
2026-05-13 18:02:13,pc,NORMAL
2026-05-13 18:02:14,pc,NORMAL
2026-05-13 18:02:15,pc,NORMAL
2026-05-13 18:02:16,pc,NORMAL
2026-05-13 18:02:17,pc,NORMAL
2026-05-13 18:02:18,pc,NORMAL
2026-05-13 18:02:19,pc,NORMAL
2026-05-13 18:02:20,pc,NORMAL
2026-05-13 18:02:21,pc,NORMAL
2026-05-13 18:02:22,pc,NORMAL
2026-05-13 18:02:23,pc,NORMAL
2026-05-13 18:02:24,pc,NORMAL
2026-05-13 18:02:25,pc,NORMAL
2026-05-13 18:02:26,pc,NORMAL
2026-05-13 18:02:27,pc,NORMAL
2026-05-13 18:02:28,pc,NORMAL
2026-05-13 18:02:29,pc,NORMAL
2026-05-13 18:02:30,pc,NORMAL
2026-05-13 18:02:31,pc,NORMAL
2026-05-13 18:02:32,pc,NORMAL
2026-05-13 18:02:33,pc,NORMAL
2026-05-13 18:02:34,pc,NORMAL
2026-05-13 18:02:35,pc,NORMAL
2026-05-13 18:02:36,pc,NORMAL
2026-05-13 18:02:37,pc,NORMAL
2026-05-13 18:02:38,pc,NORMAL
2026-05-13 18:02:39,pc,NORMAL
2026-05-13 18:02:40,pc,NORMAL
2026-05-13 18:02:41,pc,NORMAL
2026-05-13 18:02:42,pc,NORMAL
2026-05-13 18:02:43,pc,NORMAL
2026-05-13 18:02:44,pc,NORMAL
2026-05-13 18:02:45,pc,NORMAL
2026-05-13 18:02:46,pc,NORMAL
2026-05-13 18:02:47,pc,NORMAL
2026-05-13 18:02:48,pc,NORMAL
2026-05-13 18:02:49,pc,NORMAL
2026-05-13 18:02:50,pc,NORMAL
2026-05-13 18:02:51,pc,NORMAL
2026-05-13 18:02:52,pc,NORMAL
2026-05-13 18:02:53,pc,NORMAL
2026-05-13 18:02:54,pc,NORMAL
2026-05-13 18:02:55,pc,NORMAL
2026-05-13 18:02:56,pc,NORMAL
2026-05-13 18:02:57,pc,NORMAL
2026-05-13 18:02:58,pc,NORMAL
2026-05-13 18:02:59,pc,NORMAL
2026-05-13 18:03:00,pc,NORMAL
2026-05-13 18:03:01,pc,NORMAL
2026-05-13 18:03:02,pc,NORMAL
2026-05-13 18:03:03,pc,NORMAL
2026-05-13 18:03:04,pc,NORMAL
2026-05-13 18:03:05,pc,NORMAL
2026-05-13 18:03:06,pc,NORMAL
2026-05-13 18:03:07,pc,NORMAL
2026-05-13 18:03:08,pc,NORMAL
2026-05-13 18:03:09,pc,NORMAL
2026-05-13 18:03:10,pc,NORMAL
2026-05-13 18:03:11,pc,NORMAL
2026-05-13 18:03:12,pc,NORMAL
2026-05-13 18:03:13,pc,NORMAL
2026-05-13 18:03:14,pc,NORMAL
2026-05-13 18:03:15,pc,NORMAL
2026-05-13 18:03:16,pc,NORMAL
2026-05-13 18:03:17,pc,NORMAL
2026-05-13 18:03:18,pc,NORMAL
2026-05-13 18:03:19,pc,NORMAL
2026-05-13 18:03:20,washing_machine,WASH
2026-05-13 18:03:21,washing_machine,WASH
2026-05-13 18:03:22,washing_machine,WASH
2026-05-13 18:03:23,washing_machine,WASH
2026-05-13 18:03:24,washing_machine,WASH
2026-05-13 18:03:25,washing_machine,WASH
2026-05-13 18:03:26,washing_machine,WASH
2026-05-13 18:03:27,washing_machine,WASH
2026-05-13 18:03:28,washing_machine,WASH
2026-05-13 18:03:29,washing_machine,WASH
2026-05-13 18:03:30,washing_machine,WASH
2026-05-13 18:03:31,washing_machine,WASH
2026-05-13 18:03:32,washing_machine,WASH
2026-05-13 18:03:33,washing_machine,WASH
2026-05-13 18:03:34,washing_machine,WASH
2026-05-13 18:03:35,washing_machine,WASH
2026-05-13 18:03:36,washing_machine,WASH
2026-05-13 18:03:37,washing_machine,WASH
2026-05-13 18:03:38,washing_machine,WASH
2026-05-13 18:03:39,washing_machine,WASH
2026-05-13 18:03:40,washing_machine,WASH
2026-05-13 18:03:41,washing_machine,WASH
2026-05-13 18:03:42,washing_machine,WASH
2026-05-13 18:03:43,washing_machine,WASH
2026-05-13 18:03:44,washing_machine,WASH
2026-05-13 18:03:45,washing_machine,WASH
2026-05-13 18:03:46,washing_machine,WASH
2026-05-13 18:03:47,washing_machine,WASH
2026-05-13 18:03:48,washing_machine,WASH
2026-05-13 18:03:49,washing_machine,WASH
2026-05-13 18:03:50,washing_machine,WASH
2026-05-13 18:03:51,washing_machine,WASH
2026-05-13 18:03:52,washing_machine,WASH
2026-05-13 18:03:53,washing_machine,WASH
2026-05-13 18:03:54,washing_machine,WASH
2026-05-13 18:03:55,washing_machine,WASH
2026-05-13 18:03:56,washing_machine,WASH
2026-05-13 18:03:57,washing_machine,WASH
2026-05-13 18:03:58,washing_machine,WASH
2026-05-13 18:03:59,washing_machine,WASH
2026-05-13 18:04:00,washing_machine,WASH
2026-05-13 18:04:01,washing_machine,WASH
2026-05-13 18:04:02,washing_machine,WASH
2026-05-13 18:04:03,washing_machine,WASH
2026-05-13 18:04:04,washing_machine,WASH
2026-05-13 18:04:05,washing_machine,WASH
2026-05-13 18:04:06,washing_machine,WASH
2026-05-13 18:04:07,washing_machine,WASH
2026-05-13 18:04:08,washing_machine,WASH
2026-05-13 18:04:09,washing_machine,WASH
2026-05-13 18:04:10,washing_machine,WASH
2026-05-13 18:04:11,washing_machine,WASH
2026-05-13 18:04:12,washing_machine,WASH
2026-05-13 18:04:13,washing_machine,WASH
2026-05-13 18:04:14,washing_machine,WASH
2026-05-13 18:04:15,washing_machine,WASH
2026-05-13 18:04:16,washing_machine,WASH
2026-05-13 18:04:17,washing_machine,WASH
2026-05-13 18:04:18,washing_machine,WASH
2026-05-13 18:04:19,washing_machine,WASH
2026-05-13 18:04:20,washing_machine,WASH
2026-05-13 18:04:21,washing_machine,WASH
2026-05-13 18:04:22,washing_machine,WASH
2026-05-13 18:04:23,washing_machine,WASH
2026-05-13 18:04:24,washing_machine,WASH
2026-05-13 18:04:25,washing_machine,WASH
2026-05-13 18:04:26,washing_machine,WASH
2026-05-13 18:04:27,washing_machine,WASH
2026-05-13 18:04:28,washing_machine,WASH
2026-05-13 18:04:29,washing_machine,WASH
2026-05-13 18:04:30,washing_machine,WASH
2026-05-13 18:04:31,washing_machine,WASH
2026-05-13 18:04:32,washing_machine,WASH
2026-05-13 18:04:33,washing_machine,WASH
2026-05-13 18:04:34,washing_machine,WASH
2026-05-13 18:04:35,washing_machine,WASH
2026-05-13 18:04:36,washing_machine,WASH
2026-05-13 18:04:37,washing_machine,WASH
2026-05-13 18:04:38,washing_machine,WASH
2026-05-13 18:04:39,washing_machine,WASH
2026-05-13 18:04:40,washing_machine,WASH
2026-05-13 18:04:41,washing_machine,WASH
2026-05-13 18:04:42,washing_machine,WASH
2026-05-13 18:04:43,washing_machine,WASH
2026-05-13 18:04:44,washing_machine,WASH
2026-05-13 18:04:45,washing_machine,WASH
2026-05-13 18:04:46,washing_machine,WASH
2026-05-13 18:04:47,washing_machine,WASH
2026-05-13 18:04:48,washing_machine,WASH
2026-05-13 18:04:49,washing_machine,WASH
2026-05-13 18:04:50,washing_machine,WASH
2026-05-13 18:04:51,washing_machine,WASH
2026-05-13 18:04:52,washing_machine,WASH
2026-05-13 18:04:53,washing_machine,WASH
2026-05-13 18:04:54,washing_machine,WASH
2026-05-13 18:04:55,washing_machine,WASH
2026-05-13 18:04:56,washing_machine,WASH
2026-05-13 18:04:57,washing_machine,WASH
2026-05-13 18:04:58,washing_machine,WASH
2026-05-13 18:04:59,washing_machine,WASH
2026-05-13 18:05:00,hairdryer,HOT
2026-05-13 18:05:01,hairdryer,HOT
2026-05-13 18:05:02,hairdryer,HOT
2026-05-13 18:05:03,hairdryer,HOT
2026-05-13 18:05:04,hairdryer,HOT
2026-05-13 18:05:05,hairdryer,HOT
2026-05-13 18:05:06,hairdryer,HOT
2026-05-13 18:05:07,hairdryer,HOT
2026-05-13 18:05:08,hairdryer,HOT
2026-05-13 18:05:09,hairdryer,HOT
2026-05-13 18:05:10,hairdryer,HOT
2026-05-13 18:05:11,hairdryer,HOT
2026-05-13 18:05:12,hairdryer,HOT
2026-05-13 18:05:13,hairdryer,HOT
2026-05-13 18:05:14,hairdryer,HOT
2026-05-13 18:05:15,hairdryer,HOT
2026-05-13 18:05:16,hairdryer,HOT
2026-05-13 18:05:17,hairdryer,HOT
2026-05-13 18:05:18,hairdryer,HOT
2026-05-13 18:05:19,hairdryer,HOT
2026-05-13 18:05:20,hairdryer,HOT
2026-05-13 18:05:21,hairdryer,HOT
2026-05-13 18:05:22,hairdryer,HOT
2026-05-13 18:05:23,hairdryer,HOT
2026-05-13 18:05:24,hairdryer,HOT
2026-05-13 18:05:25,hairdryer,HOT
2026-05-13 18:05:26,hairdryer,HOT
2026-05-13 18:05:27,hairdryer,HOT
2026-05-13 18:05:28,hairdryer,HOT
2026-05-13 18:05:29,hairdryer,HOT
2026-05-13 18:05:30,hairdryer,HOT
2026-05-13 18:05:31,hairdryer,HOT
2026-05-13 18:05:32,hairdryer,HOT
2026-05-13 18:05:33,hairdryer,HOT
2026-05-13 18:05:34,hairdryer,HOT
2026-05-13 18:05:35,hairdryer,HOT
2026-05-13 18:05:36,hairdryer,HOT
2026-05-13 18:05:37,hairdryer,HOT
2026-05-13 18:05:38,hairdryer,HOT
2026-05-13 18:05:39,hairdryer,HOT
2026-05-13 18:05:40,hairdryer,HOT
2026-05-13 18:05:41,hairdryer,HOT
2026-05-13 18:05:42,hairdryer,HOT
2026-05-13 18:05:43,hairdryer,HOT
2026-05-13 18:05:44,hairdryer,HOT
2026-05-13 18:05:45,hairdryer,HOT
2026-05-13 18:05:46,hairdryer,HOT
2026-05-13 18:05:47,hairdryer,HOT
2026-05-13 18:05:48,hairdryer,HOT
2026-05-13 18:05:49,hairdryer,HOT
2026-05-13 18:05:50,hairdryer,HOT
2026-05-13 18:05:51,hairdryer,HOT
2026-05-13 18:05:52,hairdryer,HOT
2026-05-13 18:05:53,hairdryer,HOT
2026-05-13 18:05:54,hairdryer,HOT
2026-05-13 18:05:55,hairdryer,HOT
2026-05-13 18:05:56,hairdryer,HOT
2026-05-13 18:05:57,hairdryer,HOT
2026-05-13 18:05:58,hairdryer,HOT
2026-05-13 18:05:59,hairdryer,HOT
2026-05-13 18:06:00,hairdryer,HOT
2026-05-13 18:06:01,hairdryer,HOT
2026-05-13 18:06:02,hairdryer,HOT
2026-05-13 18:06:03,hairdryer,HOT
2026-05-13 18:06:04,hairdryer,HOT
2026-05-13 18:06:05,hairdryer,HOT
2026-05-13 18:06:06,hairdryer,HOT
2026-05-13 18:06:07,hairdryer,HOT
2026-05-13 18:06:08,hairdryer,HOT
2026-05-13 18:06:09,hairdryer,HOT
2026-05-13 18:06:10,hairdryer,HOT
2026-05-13 18:06:11,hairdryer,HOT
2026-05-13 18:06:12,hairdryer,HOT
2026-05-13 18:06:13,hairdryer,HOT
2026-05-13 18:06:14,hairdryer,HOT
2026-05-13 18:06:15,hairdryer,HOT
2026-05-13 18:06:16,hairdryer,HOT
2026-05-13 18:06:17,hairdryer,HOT
2026-05-13 18:06:18,hairdryer,HOT
2026-05-13 18:06:19,hairdryer,HOT
2026-05-13 18:06:20,hairdryer,HOT
2026-05-13 18:06:21,hairdryer,HOT
2026-05-13 18:06:22,hairdryer,HOT
2026-05-13 18:06:23,hairdryer,HOT
2026-05-13 18:06:24,hairdryer,HOT
2026-05-13 18:06:25,hairdryer,HOT
2026-05-13 18:06:26,hairdryer,HOT
2026-05-13 18:06:27,hairdryer,HOT
2026-05-13 18:06:28,hairdryer,HOT
2026-05-13 18:06:29,hairdryer,HOT
2026-05-13 18:06:30,hairdryer,HOT
2026-05-13 18:06:31,hairdryer,HOT
2026-05-13 18:06:32,hairdryer,HOT
2026-05-13 18:06:33,hairdryer,HOT
2026-05-13 18:06:34,hairdryer,HOT
2026-05-13 18:06:35,hairdryer,HOT
2026-05-13 18:06:36,hairdryer,HOT
2026-05-13 18:06:37,hairdryer,HOT
2026-05-13 18:06:38,hairdryer,HOT
2026-05-13 18:06:39,hairdryer,HOT
2026-05-13 18:06:40,hairdryer,HOT
2026-05-13 18:06:41,hairdryer,HOT
2026-05-13 18:06:42,hairdryer,HOT
2026-05-13 18:06:43,hairdryer,HOT
2026-05-13 18:06:44,hairdryer,HOT
2026-05-13 18:06:45,hairdryer,HOT
2026-05-13 18:06:46,hairdryer,HOT
2026-05-13 18:06:47,hairdryer,HOT
2026-05-13 18:06:48,hairdryer,HOT
2026-05-13 18:06:49,hairdryer,HOT
2026-05-13 18:06:50,hairdryer,HOT
2026-05-13 18:06:51,hairdryer,HOT
2026-05-13 18:06:52,hairdryer,HOT
2026-05-13 18:06:53,hairdryer,HOT
2026-05-13 18:06:54,hairdryer,HOT
2026-05-13 18:06:55,hairdryer,HOT
2026-05-13 18:06:56,hairdryer,HOT
2026-05-13 18:06:57,hairdryer,HOT
2026-05-13 18:06:58,hairdryer,HOT
2026-05-13 18:06:59,hairdryer,HOT
2026-05-13 18:07:00,hairdryer,HOT
2026-05-13 18:07:01,hairdryer,HOT
2026-05-13 18:07:02,hairdryer,HOT
2026-05-13 18:07:03,hairdryer,HOT
2026-05-13 18:07:04,hairdryer,HOT
2026-05-13 18:07:05,hairdryer,HOT
2026-05-13 18:07:06,hairdryer,HOT
2026-05-13 18:07:07,hairdryer,HOT
2026-05-13 18:07:08,hairdryer,HOT
2026-05-13 18:07:09,hairdryer,HOT
2026-05-13 18:07:10,hairdryer,HOT
2026-05-13 18:07:11,hairdryer,HOT
2026-05-13 18:07:12,hairdryer,HOT
2026-05-13 18:07:13,hairdryer,HOT
2026-05-13 18:07:14,hairdryer,HOT
2026-05-13 18:07:15,hairdryer,HOT
2026-05-13 18:07:16,hairdryer,HOT
2026-05-13 18:07:17,hairdryer,HOT
2026-05-13 18:07:18,hairdryer,HOT
2026-05-13 18:07:19,hairdryer,HOT
2026-05-13 18:07:20,hairdryer,HOT
2026-05-13 18:07:21,hairdryer,HOT
2026-05-13 18:07:22,hairdryer,HOT
2026-05-13 18:07:23,hairdryer,HOT
2026-05-13 18:07:24,hairdryer,HOT
2026-05-13 18:07:25,hairdryer,HOT
2026-05-13 18:07:26,hairdryer,HOT
2026-05-13 18:07:27,hairdryer,HOT
2026-05-13 18:07:28,hairdryer,HOT
2026-05-13 18:07:29,hairdryer,HOT
2026-05-13 18:07:30,ev_charger,MODE2_16A
2026-05-13 18:07:31,ev_charger,MODE2_16A
2026-05-13 18:07:32,ev_charger,MODE2_16A
2026-05-13 18:07:33,ev_charger,MODE2_16A
2026-05-13 18:07:34,ev_charger,MODE2_16A
2026-05-13 18:07:35,ev_charger,MODE2_16A
2026-05-13 18:07:36,ev_charger,MODE2_16A
2026-05-13 18:07:37,ev_charger,MODE2_16A
2026-05-13 18:07:38,ev_charger,MODE2_16A
2026-05-13 18:07:39,ev_charger,MODE2_16A
2026-05-13 18:07:40,ev_charger,MODE2_16A
2026-05-13 18:07:41,ev_charger,MODE2_16A
2026-05-13 18:07:42,ev_charger,MODE2_16A
2026-05-13 18:07:43,ev_charger,MODE2_16A
2026-05-13 18:07:44,ev_charger,MODE2_16A
2026-05-13 18:07:45,ev_charger,MODE2_16A
2026-05-13 18:07:46,ev_charger,MODE2_16A
2026-05-13 18:07:47,ev_charger,MODE2_16A
2026-05-13 18:07:48,ev_charger,MODE2_16A
2026-05-13 18:07:49,ev_charger,MODE2_16A
2026-05-13 18:07:50,ev_charger,MODE2_16A
2026-05-13 18:07:51,ev_charger,MODE2_16A
2026-05-13 18:07:52,ev_charger,MODE2_16A
2026-05-13 18:07:53,ev_charger,MODE2_16A
2026-05-13 18:07:54,ev_charger,MODE2_16A
2026-05-13 18:07:55,ev_charger,MODE2_16A
2026-05-13 18:07:56,ev_charger,MODE2_16A
2026-05-13 18:07:57,ev_charger,MODE2_16A
2026-05-13 18:07:58,ev_charger,MODE2_16A
2026-05-13 18:07:59,ev_charger,MODE2_16A
2026-05-13 18:08:00,ev_charger,MODE2_16A
2026-05-13 18:08:01,ev_charger,MODE2_16A
2026-05-13 18:08:02,ev_charger,MODE2_16A
2026-05-13 18:08:03,ev_charger,MODE2_16A
2026-05-13 18:08:04,ev_charger,MODE2_16A
2026-05-13 18:08:05,ev_charger,MODE2_16A
2026-05-13 18:08:06,ev_charger,MODE2_16A
2026-05-13 18:08:07,ev_charger,MODE2_16A
2026-05-13 18:08:08,ev_charger,MODE2_16A
2026-05-13 18:08:09,ev_charger,MODE2_16A
2026-05-13 18:08:10,ev_charger,MODE2_16A
2026-05-13 18:08:11,ev_charger,MODE2_16A
2026-05-13 18:08:12,ev_charger,MODE2_16A
2026-05-13 18:08:13,ev_charger,MODE2_16A
2026-05-13 18:08:14,ev_charger,MODE2_16A
2026-05-13 18:08:15,ev_charger,MODE2_16A
2026-05-13 18:08:16,ev_charger,MODE2_16A
2026-05-13 18:08:17,ev_charger,MODE2_16A
2026-05-13 18:08:18,ev_charger,MODE2_16A
2026-05-13 18:08:19,ev_charger,MODE2_16A
2026-05-13 18:08:20,ev_charger,MODE2_16A
2026-05-13 18:08:21,ev_charger,MODE2_16A
2026-05-13 18:08:22,ev_charger,MODE2_16A
2026-05-13 18:08:23,ev_charger,MODE2_16A
2026-05-13 18:08:24,ev_charger,MODE2_16A
2026-05-13 18:08:25,ev_charger,MODE2_16A
2026-05-13 18:08:26,ev_charger,MODE2_16A
2026-05-13 18:08:27,ev_charger,MODE2_16A
2026-05-13 18:08:28,ev_charger,MODE2_16A
2026-05-13 18:08:29,ev_charger,MODE2_16A
2026-05-13 18:08:30,ev_charger,MODE2_16A
2026-05-13 18:08:31,ev_charger,MODE2_16A
2026-05-13 18:08:32,ev_charger,MODE2_16A
2026-05-13 18:08:33,ev_charger,MODE2_16A
2026-05-13 18:08:34,ev_charger,MODE2_16A
2026-05-13 18:08:35,ev_charger,MODE2_16A
2026-05-13 18:08:36,ev_charger,MODE2_16A
2026-05-13 18:08:37,ev_charger,MODE2_16A
2026-05-13 18:08:38,ev_charger,MODE2_16A
2026-05-13 18:08:39,ev_charger,MODE2_16A
2026-05-13 18:08:40,ev_charger,MODE2_16A
2026-05-13 18:08:41,ev_charger,MODE2_16A
2026-05-13 18:08:42,ev_charger,MODE2_16A
2026-05-13 18:08:43,ev_charger,MODE2_16A
2026-05-13 18:08:44,ev_charger,MODE2_16A
2026-05-13 18:08:45,ev_charger,MODE2_16A
2026-05-13 18:08:46,ev_charger,MODE2_16A
2026-05-13 18:08:47,ev_charger,MODE2_16A
2026-05-13 18:08:48,ev_charger,MODE2_16A
2026-05-13 18:08:49,ev_charger,MODE2_16A
2026-05-13 18:08:50,ev_charger,MODE2_16A
2026-05-13 18:08:51,ev_charger,MODE2_16A
2026-05-13 18:08:52,ev_charger,MODE2_16A
2026-05-13 18:08:53,ev_charger,MODE2_16A
2026-05-13 18:08:54,ev_charger,MODE2_16A
2026-05-13 18:08:55,ev_charger,MODE2_16A
2026-05-13 18:08:56,ev_charger,MODE2_16A
2026-05-13 18:08:57,ev_charger,MODE2_16A
2026-05-13 18:08:58,ev_charger,MODE2_16A
2026-05-13 18:08:59,ev_charger,MODE2_16A
2026-05-13 18:09:00,ev_charger,MODE2_16A
2026-05-13 18:09:01,ev_charger,MODE2_16A
2026-05-13 18:09:02,ev_charger,MODE2_16A
2026-05-13 18:09:03,ev_charger,MODE2_16A
2026-05-13 18:09:04,ev_charger,MODE2_16A
2026-05-13 18:09:05,ev_charger,MODE2_16A
2026-05-13 18:09:06,ev_charger,MODE2_16A
2026-05-13 18:09:07,ev_charger,MODE2_16A
2026-05-13 18:09:08,ev_charger,MODE2_16A
2026-05-13 18:09:09,ev_charger,MODE2_16A
2026-05-13 18:09:10,ev_charger,MODE2_16A
2026-05-13 18:09:11,ev_charger,MODE2_16A
2026-05-13 18:09:12,ev_charger,MODE2_16A
2026-05-13 18:09:13,ev_charger,MODE2_16A
2026-05-13 18:09:14,ev_charger,MODE2_16A
2026-05-13 18:09:15,ev_charger,MODE2_16A
2026-05-13 18:09:16,ev_charger,MODE2_16A
2026-05-13 18:09:17,ev_charger,MODE2_16A
2026-05-13 18:09:18,ev_charger,MODE2_16A
2026-05-13 18:09:19,ev_charger,MODE2_16A
2026-05-13 18:09:20,ev_charger,MODE2_16A
2026-05-13 18:09:21,ev_charger,MODE2_16A
2026-05-13 18:09:22,ev_charger,MODE2_16A
2026-05-13 18:09:23,ev_charger,MODE2_16A
2026-05-13 18:09:24,ev_charger,MODE2_16A
2026-05-13 18:09:25,ev_charger,MODE2_16A
2026-05-13 18:09:26,ev_charger,MODE2_16A
2026-05-13 18:09:27,ev_charger,MODE2_16A
2026-05-13 18:09:28,ev_charger,MODE2_16A
2026-05-13 18:09:29,ev_charger,MODE2_16A
2026-05-13 18:09:30,ev_charger,MODE2_16A
2026-05-13 18:09:31,ev_charger,MODE2_16A
2026-05-13 18:09:32,ev_charger,MODE2_16A
2026-05-13 18:09:33,ev_charger,MODE2_16A
2026-05-13 18:09:34,ev_charger,MODE2_16A
2026-05-13 18:09:35,ev_charger,MODE2_16A
2026-05-13 18:09:36,ev_charger,MODE2_16A
2026-05-13 18:09:37,ev_charger,MODE2_16A
2026-05-13 18:09:38,ev_charger,MODE2_16A
2026-05-13 18:09:39,ev_charger,MODE2_16A
2026-05-13 18:09:40,ev_charger,MODE2_16A
2026-05-13 18:09:41,ev_charger,MODE2_16A
2026-05-13 18:09:42,ev_charger,MODE2_16A
2026-05-13 18:09:43,ev_charger,MODE2_16A
2026-05-13 18:09:44,ev_charger,MODE2_16A
2026-05-13 18:09:45,ev_charger,MODE2_16A
2026-05-13 18:09:46,ev_charger,MODE2_16A
2026-05-13 18:09:47,ev_charger,MODE2_16A
2026-05-13 18:09:48,ev_charger,MODE2_16A
2026-05-13 18:09:49,ev_charger,MODE2_16A
2026-05-13 18:09:50,ev_charger,MODE2_16A
2026-05-13 18:09:51,ev_charger,MODE2_16A
2026-05-13 18:09:52,ev_charger,MODE2_16A
2026-05-13 18:09:53,ev_charger,MODE2_16A
2026-05-13 18:09:54,ev_charger,MODE2_16A
2026-05-13 18:09:55,ev_charger,MODE2_16A
2026-05-13 18:09:56,ev_charger,MODE2_16A
2026-05-13 18:09:57,ev_charger,MODE2_16A
2026-05-13 18:09:58,ev_charger,MODE2_16A
2026-05-13 18:09:59,ev_charger,MODE2_16A
2026-05-13 18:10:00,sync_machine,MOTOR_HALF
2026-05-13 18:10:01,sync_machine,MOTOR_HALF
2026-05-13 18:10:02,sync_machine,MOTOR_HALF
2026-05-13 18:10:03,sync_machine,MOTOR_HALF
2026-05-13 18:10:04,sync_machine,MOTOR_HALF
2026-05-13 18:10:05,sync_machine,MOTOR_HALF
2026-05-13 18:10:06,sync_machine,MOTOR_HALF
2026-05-13 18:10:07,sync_machine,MOTOR_HALF
2026-05-13 18:10:08,sync_machine,MOTOR_HALF
2026-05-13 18:10:09,sync_machine,MOTOR_HALF
2026-05-13 18:10:10,sync_machine,MOTOR_HALF
2026-05-13 18:10:11,sync_machine,MOTOR_HALF
2026-05-13 18:10:12,sync_machine,MOTOR_HALF
2026-05-13 18:10:13,sync_machine,MOTOR_HALF
2026-05-13 18:10:14,sync_machine,MOTOR_HALF
2026-05-13 18:10:15,sync_machine,MOTOR_HALF
2026-05-13 18:10:16,sync_machine,MOTOR_HALF
2026-05-13 18:10:17,sync_machine,MOTOR_HALF
2026-05-13 18:10:18,sync_machine,MOTOR_HALF
2026-05-13 18:10:19,sync_machine,MOTOR_HALF
2026-05-13 18:10:20,sync_machine,MOTOR_HALF
2026-05-13 18:10:21,sync_machine,MOTOR_HALF
2026-05-13 18:10:22,sync_machine,MOTOR_HALF
2026-05-13 18:10:23,sync_machine,MOTOR_HALF
2026-05-13 18:10:24,sync_machine,MOTOR_HALF
2026-05-13 18:10:25,sync_machine,MOTOR_HALF
2026-05-13 18:10:26,sync_machine,MOTOR_HALF
2026-05-13 18:10:27,sync_machine,MOTOR_HALF
2026-05-13 18:10:28,sync_machine,MOTOR_HALF
2026-05-13 18:10:29,sync_machine,MOTOR_HALF
2026-05-13 18:10:30,sync_machine,MOTOR_HALF
2026-05-13 18:10:31,sync_machine,MOTOR_HALF
2026-05-13 18:10:32,sync_machine,MOTOR_HALF
2026-05-13 18:10:33,sync_machine,MOTOR_HALF
2026-05-13 18:10:34,sync_machine,MOTOR_HALF
2026-05-13 18:10:35,sync_machine,MOTOR_HALF
2026-05-13 18:10:36,sync_machine,MOTOR_HALF
2026-05-13 18:10:37,sync_machine,MOTOR_HALF
2026-05-13 18:10:38,sync_machine,MOTOR_HALF
2026-05-13 18:10:39,sync_machine,MOTOR_HALF
2026-05-13 18:10:40,sync_machine,MOTOR_HALF
2026-05-13 18:10:41,sync_machine,MOTOR_HALF
2026-05-13 18:10:42,sync_machine,MOTOR_HALF
2026-05-13 18:10:43,sync_machine,MOTOR_HALF
2026-05-13 18:10:44,sync_machine,MOTOR_HALF
2026-05-13 18:10:45,sync_machine,MOTOR_HALF
2026-05-13 18:10:46,sync_machine,MOTOR_HALF
2026-05-13 18:10:47,sync_machine,MOTOR_HALF
2026-05-13 18:10:48,sync_machine,MOTOR_HALF
2026-05-13 18:10:49,sync_machine,MOTOR_HALF
2026-05-13 18:10:50,sync_machine,MOTOR_HALF
2026-05-13 18:10:51,sync_machine,MOTOR_HALF
2026-05-13 18:10:52,sync_machine,MOTOR_HALF
2026-05-13 18:10:53,sync_machine,MOTOR_HALF
2026-05-13 18:10:54,sync_machine,MOTOR_HALF
2026-05-13 18:10:55,sync_machine,MOTOR_HALF
2026-05-13 18:10:56,sync_machine,MOTOR_HALF
2026-05-13 18:10:57,sync_machine,MOTOR_HALF
2026-05-13 18:10:58,sync_machine,MOTOR_HALF
2026-05-13 18:10:59,sync_machine,MOTOR_HALF
2026-05-13 18:11:00,sync_machine,MOTOR_HALF
2026-05-13 18:11:01,sync_machine,MOTOR_HALF
2026-05-13 18:11:02,sync_machine,MOTOR_HALF
2026-05-13 18:11:03,sync_machine,MOTOR_HALF
2026-05-13 18:11:04,sync_machine,MOTOR_HALF
2026-05-13 18:11:05,sync_machine,MOTOR_HALF
2026-05-13 18:11:06,sync_machine,MOTOR_HALF
2026-05-13 18:11:07,sync_machine,MOTOR_HALF
2026-05-13 18:11:08,sync_machine,MOTOR_HALF
2026-05-13 18:11:09,sync_machine,MOTOR_HALF
2026-05-13 18:11:10,sync_machine,MOTOR_HALF
2026-05-13 18:11:11,sync_machine,MOTOR_HALF
2026-05-13 18:11:12,sync_machine,MOTOR_HALF
2026-05-13 18:11:13,sync_machine,MOTOR_HALF
2026-05-13 18:11:14,sync_machine,MOTOR_HALF
2026-05-13 18:11:15,sync_machine,MOTOR_HALF
2026-05-13 18:11:16,sync_machine,MOTOR_HALF
2026-05-13 18:11:17,sync_machine,MOTOR_HALF
2026-05-13 18:11:18,sync_machine,MOTOR_HALF
2026-05-13 18:11:19,sync_machine,MOTOR_HALF
2026-05-13 18:11:20,sync_machine,MOTOR_HALF
2026-05-13 18:11:21,sync_machine,MOTOR_HALF
2026-05-13 18:11:22,sync_machine,MOTOR_HALF
2026-05-13 18:11:23,sync_machine,MOTOR_HALF
2026-05-13 18:11:24,sync_machine,MOTOR_HALF
2026-05-13 18:11:25,sync_machine,MOTOR_HALF
2026-05-13 18:11:26,sync_machine,MOTOR_HALF
2026-05-13 18:11:27,sync_machine,MOTOR_HALF
2026-05-13 18:11:28,sync_machine,MOTOR_HALF
2026-05-13 18:11:29,sync_machine,MOTOR_HALF
2026-05-13 18:11:30,sync_machine,MOTOR_HALF
2026-05-13 18:11:31,sync_machine,MOTOR_HALF
2026-05-13 18:11:32,sync_machine,MOTOR_HALF
2026-05-13 18:11:33,sync_machine,MOTOR_HALF
2026-05-13 18:11:34,sync_machine,MOTOR_HALF
2026-05-13 18:11:35,sync_machine,MOTOR_HALF
2026-05-13 18:11:36,sync_machine,MOTOR_HALF
2026-05-13 18:11:37,sync_machine,MOTOR_HALF
2026-05-13 18:11:38,sync_machine,MOTOR_HALF
2026-05-13 18:11:39,sync_machine,MOTOR_HALF
2026-05-13 18:11:40,resistive_load,100PCT
2026-05-13 18:11:41,resistive_load,100PCT
2026-05-13 18:11:42,resistive_load,100PCT
2026-05-13 18:11:43,resistive_load,100PCT
2026-05-13 18:11:44,resistive_load,100PCT
2026-05-13 18:11:45,resistive_load,100PCT
2026-05-13 18:11:46,resistive_load,100PCT
2026-05-13 18:11:47,resistive_load,100PCT
2026-05-13 18:11:48,resistive_load,100PCT
2026-05-13 18:11:49,resistive_load,100PCT
2026-05-13 18:11:50,resistive_load,100PCT
2026-05-13 18:11:51,resistive_load,100PCT
2026-05-13 18:11:52,resistive_load,100PCT
2026-05-13 18:11:53,resistive_load,100PCT
2026-05-13 18:11:54,resistive_load,100PCT
2026-05-13 18:11:55,resistive_load,100PCT
2026-05-13 18:11:56,resistive_load,100PCT
2026-05-13 18:11:57,resistive_load,100PCT
2026-05-13 18:11:58,resistive_load,100PCT
2026-05-13 18:11:59,resistive_load,100PCT
2026-05-13 18:12:00,resistive_load,100PCT
2026-05-13 18:12:01,resistive_load,100PCT
2026-05-13 18:12:02,resistive_load,100PCT
2026-05-13 18:12:03,resistive_load,100PCT
2026-05-13 18:12:04,resistive_load,100PCT
2026-05-13 18:12:05,resistive_load,100PCT
2026-05-13 18:12:06,resistive_load,100PCT
2026-05-13 18:12:07,resistive_load,100PCT
2026-05-13 18:12:08,resistive_load,100PCT
2026-05-13 18:12:09,resistive_load,100PCT
2026-05-13 18:12:10,resistive_load,100PCT
2026-05-13 18:12:11,resistive_load,100PCT
2026-05-13 18:12:12,resistive_load,100PCT
2026-05-13 18:12:13,resistive_load,100PCT
2026-05-13 18:12:14,resistive_load,100PCT
2026-05-13 18:12:15,resistive_load,100PCT
2026-05-13 18:12:16,resistive_load,100PCT
2026-05-13 18:12:17,resistive_load,100PCT
2026-05-13 18:12:18,resistive_load,100PCT
2026-05-13 18:12:19,resistive_load,100PCT
2026-05-13 18:12:20,resistive_load,100PCT
2026-05-13 18:12:21,resistive_load,100PCT
2026-05-13 18:12:22,resistive_load,100PCT
2026-05-13 18:12:23,resistive_load,100PCT
2026-05-13 18:12:24,resistive_load,100PCT
2026-05-13 18:12:25,resistive_load,100PCT
2026-05-13 18:12:26,resistive_load,100PCT
2026-05-13 18:12:27,resistive_load,100PCT
2026-05-13 18:12:28,resistive_load,100PCT
2026-05-13 18:12:29,resistive_load,100PCT
2026-05-13 18:12:30,resistive_load,100PCT
2026-05-13 18:12:31,resistive_load,100PCT
2026-05-13 18:12:32,resistive_load,100PCT
2026-05-13 18:12:33,resistive_load,100PCT
2026-05-13 18:12:34,resistive_load,100PCT
2026-05-13 18:12:35,resistive_load,100PCT
2026-05-13 18:12:36,resistive_load,100PCT
2026-05-13 18:12:37,resistive_load,100PCT
2026-05-13 18:12:38,resistive_load,100PCT
2026-05-13 18:12:39,resistive_load,100PCT
2026-05-13 18:12:40,resistive_load,100PCT
2026-05-13 18:12:41,resistive_load,100PCT
2026-05-13 18:12:42,resistive_load,100PCT
2026-05-13 18:12:43,resistive_load,100PCT
2026-05-13 18:12:44,resistive_load,100PCT
2026-05-13 18:12:45,resistive_load,100PCT
2026-05-13 18:12:46,resistive_load,100PCT
2026-05-13 18:12:47,resistive_load,100PCT
2026-05-13 18:12:48,resistive_load,100PCT
2026-05-13 18:12:49,resistive_load,100PCT
2026-05-13 18:12:50,resistive_load,100PCT
2026-05-13 18:12:51,resistive_load,100PCT
2026-05-13 18:12:52,resistive_load,100PCT
2026-05-13 18:12:53,resistive_load,100PCT
2026-05-13 18:12:54,resistive_load,100PCT
2026-05-13 18:12:55,resistive_load,100PCT
2026-05-13 18:12:56,resistive_load,100PCT
2026-05-13 18:12:57,resistive_load,100PCT
2026-05-13 18:12:58,resistive_load,100PCT
2026-05-13 18:12:59,resistive_load,100PCT
2026-05-13 18:13:00,resistive_load,100PCT
2026-05-13 18:13:01,resistive_load,100PCT
2026-05-13 18:13:02,resistive_load,100PCT
2026-05-13 18:13:03,resistive_load,100PCT
2026-05-13 18:13:04,resistive_load,100PCT
2026-05-13 18:13:05,resistive_load,100PCT
2026-05-13 18:13:06,resistive_load,100PCT
2026-05-13 18:13:07,resistive_load,100PCT
2026-05-13 18:13:08,resistive_load,100PCT
2026-05-13 18:13:09,resistive_load,100PCT
2026-05-13 18:13:10,resistive_load,100PCT
2026-05-13 18:13:11,resistive_load,100PCT
2026-05-13 18:13:12,resistive_load,100PCT
2026-05-13 18:13:13,resistive_load,100PCT
2026-05-13 18:13:14,resistive_load,100PCT
2026-05-13 18:13:15,resistive_load,100PCT
2026-05-13 18:13:16,resistive_load,100PCT
2026-05-13 18:13:17,resistive_load,100PCT
2026-05-13 18:13:18,resistive_load,100PCT
2026-05-13 18:13:19,resistive_load,100PCT
2026-05-13 18:13:20,pv_inverter,MEDIUM
2026-05-13 18:13:21,pv_inverter,MEDIUM
2026-05-13 18:13:22,pv_inverter,MEDIUM
2026-05-13 18:13:23,pv_inverter,MEDIUM
2026-05-13 18:13:24,pv_inverter,MEDIUM
2026-05-13 18:13:25,pv_inverter,MEDIUM
2026-05-13 18:13:26,pv_inverter,MEDIUM
2026-05-13 18:13:27,pv_inverter,MEDIUM
2026-05-13 18:13:28,pv_inverter,MEDIUM
2026-05-13 18:13:29,pv_inverter,MEDIUM
2026-05-13 18:13:30,pv_inverter,MEDIUM
2026-05-13 18:13:31,pv_inverter,MEDIUM
2026-05-13 18:13:32,pv_inverter,MEDIUM
2026-05-13 18:13:33,pv_inverter,MEDIUM
2026-05-13 18:13:34,pv_inverter,MEDIUM
2026-05-13 18:13:35,pv_inverter,MEDIUM
2026-05-13 18:13:36,pv_inverter,MEDIUM
2026-05-13 18:13:37,pv_inverter,MEDIUM
2026-05-13 18:13:38,pv_inverter,MEDIUM
2026-05-13 18:13:39,pv_inverter,MEDIUM
2026-05-13 18:13:40,pv_inverter,MEDIUM
2026-05-13 18:13:41,pv_inverter,MEDIUM
2026-05-13 18:13:42,pv_inverter,MEDIUM
2026-05-13 18:13:43,pv_inverter,MEDIUM
2026-05-13 18:13:44,pv_inverter,MEDIUM
2026-05-13 18:13:45,pv_inverter,MEDIUM
2026-05-13 18:13:46,pv_inverter,MEDIUM
2026-05-13 18:13:47,pv_inverter,MEDIUM
2026-05-13 18:13:48,pv_inverter,MEDIUM
2026-05-13 18:13:49,pv_inverter,MEDIUM
2026-05-13 18:13:50,pv_inverter,MEDIUM
2026-05-13 18:13:51,pv_inverter,MEDIUM
2026-05-13 18:13:52,pv_inverter,MEDIUM
2026-05-13 18:13:53,pv_inverter,MEDIUM
2026-05-13 18:13:54,pv_inverter,MEDIUM
2026-05-13 18:13:55,pv_inverter,MEDIUM
2026-05-13 18:13:56,pv_inverter,MEDIUM
2026-05-13 18:13:57,pv_inverter,MEDIUM
2026-05-13 18:13:58,pv_inverter,MEDIUM
2026-05-13 18:13:59,pv_inverter,MEDIUM
2026-05-13 18:14:00,pv_inverter,MEDIUM
2026-05-13 18:14:01,pv_inverter,MEDIUM
2026-05-13 18:14:02,pv_inverter,MEDIUM
2026-05-13 18:14:03,pv_inverter,MEDIUM
2026-05-13 18:14:04,pv_inverter,MEDIUM
2026-05-13 18:14:05,pv_inverter,MEDIUM
2026-05-13 18:14:06,pv_inverter,MEDIUM
2026-05-13 18:14:07,pv_inverter,MEDIUM
2026-05-13 18:14:08,pv_inverter,MEDIUM
2026-05-13 18:14:09,pv_inverter,MEDIUM
2026-05-13 18:14:10,pv_inverter,MEDIUM
2026-05-13 18:14:11,pv_inverter,MEDIUM
2026-05-13 18:14:12,pv_inverter,MEDIUM
2026-05-13 18:14:13,pv_inverter,MEDIUM
2026-05-13 18:14:14,pv_inverter,MEDIUM
2026-05-13 18:14:15,pv_inverter,MEDIUM
2026-05-13 18:14:16,pv_inverter,MEDIUM
2026-05-13 18:14:17,pv_inverter,MEDIUM
2026-05-13 18:14:18,pv_inverter,MEDIUM
2026-05-13 18:14:19,pv_inverter,MEDIUM
2026-05-13 18:14:20,pv_inverter,MEDIUM
2026-05-13 18:14:21,pv_inverter,MEDIUM
2026-05-13 18:14:22,pv_inverter,MEDIUM
2026-05-13 18:14:23,pv_inverter,MEDIUM
2026-05-13 18:14:24,pv_inverter,MEDIUM
2026-05-13 18:14:25,pv_inverter,MEDIUM
2026-05-13 18:14:26,pv_inverter,MEDIUM
2026-05-13 18:14:27,pv_inverter,MEDIUM
2026-05-13 18:14:28,pv_inverter,MEDIUM
2026-05-13 18:14:29,pv_inverter,MEDIUM
2026-05-13 18:14:30,pv_inverter,MEDIUM
2026-05-13 18:14:31,pv_inverter,MEDIUM
2026-05-13 18:14:32,pv_inverter,MEDIUM
2026-05-13 18:14:33,pv_inverter,MEDIUM
2026-05-13 18:14:34,pv_inverter,MEDIUM
2026-05-13 18:14:35,pv_inverter,MEDIUM
2026-05-13 18:14:36,pv_inverter,MEDIUM
2026-05-13 18:14:37,pv_inverter,MEDIUM
2026-05-13 18:14:38,pv_inverter,MEDIUM
2026-05-13 18:14:39,pv_inverter,MEDIUM
2026-05-13 18:14:40,pv_inverter,MEDIUM
2026-05-13 18:14:41,pv_inverter,MEDIUM
2026-05-13 18:14:42,pv_inverter,MEDIUM
2026-05-13 18:14:43,pv_inverter,MEDIUM
2026-05-13 18:14:44,pv_inverter,MEDIUM
2026-05-13 18:14:45,pv_inverter,MEDIUM
2026-05-13 18:14:46,pv_inverter,MEDIUM
2026-05-13 18:14:47,pv_inverter,MEDIUM
2026-05-13 18:14:48,pv_inverter,MEDIUM
2026-05-13 18:14:49,pv_inverter,MEDIUM
2026-05-13 18:14:50,pv_inverter,MEDIUM
2026-05-13 18:14:51,pv_inverter,MEDIUM
2026-05-13 18:14:52,pv_inverter,MEDIUM
2026-05-13 18:14:53,pv_inverter,MEDIUM
2026-05-13 18:14:54,pv_inverter,MEDIUM
2026-05-13 18:14:55,pv_inverter,MEDIUM
2026-05-13 18:14:56,pv_inverter,MEDIUM
2026-05-13 18:14:57,pv_inverter,MEDIUM
2026-05-13 18:14:58,pv_inverter,MEDIUM
2026-05-13 18:14:59,pv_inverter,MEDIUM
2026-05-13 18:15:00,pv_inverter,MEDIUM
2026-05-13 18:15:01,pv_inverter,MEDIUM
2026-05-13 18:15:02,pv_inverter,MEDIUM
2026-05-13 18:15:03,pv_inverter,MEDIUM
2026-05-13 18:15:04,pv_inverter,MEDIUM
2026-05-13 18:15:05,pv_inverter,MEDIUM
2026-05-13 18:15:06,pv_inverter,MEDIUM
2026-05-13 18:15:07,pv_inverter,MEDIUM
2026-05-13 18:15:08,pv_inverter,MEDIUM
2026-05-13 18:15:09,pv_inverter,MEDIUM
2026-05-13 18:15:10,pv_inverter,MEDIUM
2026-05-13 18:15:11,pv_inverter,MEDIUM
2026-05-13 18:15:12,pv_inverter,MEDIUM
2026-05-13 18:15:13,pv_inverter,MEDIUM
2026-05-13 18:15:14,pv_inverter,MEDIUM
2026-05-13 18:15:15,pv_inverter,MEDIUM
2026-05-13 18:15:16,pv_inverter,MEDIUM
2026-05-13 18:15:17,pv_inverter,MEDIUM
2026-05-13 18:15:18,pv_inverter,MEDIUM
2026-05-13 18:15:19,pv_inverter,MEDIUM
2026-05-13 18:15:20,pv_inverter,MEDIUM
2026-05-13 18:15:21,pv_inverter,MEDIUM
2026-05-13 18:15:22,pv_inverter,MEDIUM
2026-05-13 18:15:23,pv_inverter,MEDIUM
2026-05-13 18:15:24,pv_inverter,MEDIUM
2026-05-13 18:15:25,pv_inverter,MEDIUM
2026-05-13 18:15:26,pv_inverter,MEDIUM
2026-05-13 18:15:27,pv_inverter,MEDIUM
2026-05-13 18:15:28,pv_inverter,MEDIUM
2026-05-13 18:15:29,pv_inverter,MEDIUM
2026-05-13 18:15:30,pv_inverter,MEDIUM
2026-05-13 18:15:31,pv_inverter,MEDIUM
2026-05-13 18:15:32,pv_inverter,MEDIUM
2026-05-13 18:15:33,pv_inverter,MEDIUM
2026-05-13 18:15:34,pv_inverter,MEDIUM
2026-05-13 18:15:35,pv_inverter,MEDIUM
2026-05-13 18:15:36,pv_inverter,MEDIUM
2026-05-13 18:15:37,pv_inverter,MEDIUM
2026-05-13 18:15:38,pv_inverter,MEDIUM
2026-05-13 18:15:39,pv_inverter,MEDIUM
2026-05-13 18:15:40,pv_inverter,MEDIUM
2026-05-13 18:15:41,pv_inverter,MEDIUM
2026-05-13 18:15:42,pv_inverter,MEDIUM
2026-05-13 18:15:43,pv_inverter,MEDIUM
2026-05-13 18:15:44,pv_inverter,MEDIUM
2026-05-13 18:15:45,pv_inverter,MEDIUM
2026-05-13 18:15:46,pv_inverter,MEDIUM
2026-05-13 18:15:47,pv_inverter,MEDIUM
2026-05-13 18:15:48,pv_inverter,MEDIUM
2026-05-13 18:15:49,pv_inverter,MEDIUM
2026-05-13 18:15:50,pv_inverter,MEDIUM
2026-05-13 18:15:51,pv_inverter,MEDIUM
2026-05-13 18:15:52,pv_inverter,MEDIUM
2026-05-13 18:15:53,pv_inverter,MEDIUM
2026-05-13 18:15:54,pv_inverter,MEDIUM
2026-05-13 18:15:55,pv_inverter,MEDIUM
2026-05-13 18:15:56,pv_inverter,MEDIUM
2026-05-13 18:15:57,pv_inverter,MEDIUM
2026-05-13 18:15:58,pv_inverter,MEDIUM
2026-05-13 18:15:59,pv_inverter,MEDIUM
2026-05-13 18:16:00,pv_inverter,MEDIUM
2026-05-13 18:16:01,pv_inverter,MEDIUM
2026-05-13 18:16:02,pv_inverter,MEDIUM
2026-05-13 18:16:03,pv_inverter,MEDIUM
2026-05-13 18:16:04,pv_inverter,MEDIUM
2026-05-13 18:16:05,pv_inverter,MEDIUM
2026-05-13 18:16:06,pv_inverter,MEDIUM
2026-05-13 18:16:07,pv_inverter,MEDIUM
2026-05-13 18:16:08,pv_inverter,MEDIUM
2026-05-13 18:16:09,pv_inverter,MEDIUM
2026-05-13 18:16:10,pv_inverter,MEDIUM
2026-05-13 18:16:11,pv_inverter,MEDIUM
2026-05-13 18:16:12,pv_inverter,MEDIUM
2026-05-13 18:16:13,pv_inverter,MEDIUM
2026-05-13 18:16:14,pv_inverter,MEDIUM
2026-05-13 18:16:15,pv_inverter,MEDIUM
2026-05-13 18:16:16,pv_inverter,MEDIUM
2026-05-13 18:16:17,pv_inverter,MEDIUM
2026-05-13 18:16:18,pv_inverter,MEDIUM
2026-05-13 18:16:19,pv_inverter,MEDIUM
2026-05-13 18:16:20,pv_inverter,MEDIUM
2026-05-13 18:16:21,pv_inverter,MEDIUM
2026-05-13 18:16:22,pv_inverter,MEDIUM
2026-05-13 18:16:23,pv_inverter,MEDIUM
2026-05-13 18:16:24,pv_inverter,MEDIUM
2026-05-13 18:16:25,pv_inverter,MEDIUM
2026-05-13 18:16:26,pv_inverter,MEDIUM
2026-05-13 18:16:27,pv_inverter,MEDIUM
2026-05-13 18:16:28,pv_inverter,MEDIUM
2026-05-13 18:16:29,pv_inverter,MEDIUM
2026-05-13 18:16:30,pv_inverter,MEDIUM
2026-05-13 18:16:31,pv_inverter,MEDIUM
2026-05-13 18:16:32,pv_inverter,MEDIUM
2026-05-13 18:16:33,pv_inverter,MEDIUM
2026-05-13 18:16:34,pv_inverter,MEDIUM
2026-05-13 18:16:35,pv_inverter,MEDIUM
2026-05-13 18:16:36,pv_inverter,MEDIUM
2026-05-13 18:16:37,pv_inverter,MEDIUM
2026-05-13 18:16:38,pv_inverter,MEDIUM
2026-05-13 18:16:39,pv_inverter,MEDIUM
2026-05-13 18:16:40,pv_inverter,MEDIUM
2026-05-13 18:16:41,pv_inverter,MEDIUM
2026-05-13 18:16:42,pv_inverter,MEDIUM
2026-05-13 18:16:43,pv_inverter,MEDIUM
2026-05-13 18:16:44,pv_inverter,MEDIUM
2026-05-13 18:16:45,pv_inverter,MEDIUM
2026-05-13 18:16:46,pv_inverter,MEDIUM
2026-05-13 18:16:47,pv_inverter,MEDIUM
2026-05-13 18:16:48,pv_inverter,MEDIUM
2026-05-13 18:16:49,pv_inverter,MEDIUM
2026-05-13 18:16:50,pv_inverter,MEDIUM
2026-05-13 18:16:51,pv_inverter,MEDIUM
2026-05-13 18:16:52,pv_inverter,MEDIUM
2026-05-13 18:16:53,pv_inverter,MEDIUM
2026-05-13 18:16:54,pv_inverter,MEDIUM
2026-05-13 18:16:55,pv_inverter,MEDIUM
2026-05-13 18:16:56,pv_inverter,MEDIUM
2026-05-13 18:16:57,pv_inverter,MEDIUM
2026-05-13 18:16:58,pv_inverter,MEDIUM
2026-05-13 18:16:59,pv_inverter,MEDIUM
2026-05-13 18:17:00,pv_inverter,MEDIUM
2026-05-13 18:17:01,pv_inverter,MEDIUM
2026-05-13 18:17:02,pv_inverter,MEDIUM
2026-05-13 18:17:03,pv_inverter,MEDIUM
2026-05-13 18:17:04,pv_inverter,MEDIUM
2026-05-13 18:17:05,pv_inverter,MEDIUM
2026-05-13 18:17:06,pv_inverter,MEDIUM
2026-05-13 18:17:07,pv_inverter,MEDIUM
2026-05-13 18:17:08,pv_inverter,MEDIUM
2026-05-13 18:17:09,pv_inverter,MEDIUM
2026-05-13 18:17:10,pv_inverter,MEDIUM
2026-05-13 18:17:11,pv_inverter,MEDIUM
2026-05-13 18:17:12,pv_inverter,MEDIUM
2026-05-13 18:17:13,pv_inverter,MEDIUM
2026-05-13 18:17:14,pv_inverter,MEDIUM
2026-05-13 18:17:15,pv_inverter,MEDIUM
2026-05-13 18:17:16,pv_inverter,MEDIUM
2026-05-13 18:17:17,pv_inverter,MEDIUM
2026-05-13 18:17:18,pv_inverter,MEDIUM
2026-05-13 18:17:19,pv_inverter,MEDIUM
2026-05-13 18:17:20,pv_inverter,MEDIUM
2026-05-13 18:17:21,pv_inverter,MEDIUM
2026-05-13 18:17:22,pv_inverter,MEDIUM
2026-05-13 18:17:23,pv_inverter,MEDIUM
2026-05-13 18:17:24,pv_inverter,MEDIUM
2026-05-13 18:17:25,pv_inverter,MEDIUM
2026-05-13 18:17:26,pv_inverter,MEDIUM
2026-05-13 18:17:27,pv_inverter,MEDIUM
2026-05-13 18:17:28,pv_inverter,MEDIUM
2026-05-13 18:17:29,pv_inverter,MEDIUM
2026-05-13 18:17:30,pv_inverter,MEDIUM
2026-05-13 18:17:31,pv_inverter,MEDIUM
2026-05-13 18:17:32,pv_inverter,MEDIUM
2026-05-13 18:17:33,pv_inverter,MEDIUM
2026-05-13 18:17:34,pv_inverter,MEDIUM
2026-05-13 18:17:35,pv_inverter,MEDIUM
2026-05-13 18:17:36,pv_inverter,MEDIUM
2026-05-13 18:17:37,pv_inverter,MEDIUM
2026-05-13 18:17:38,pv_inverter,MEDIUM
2026-05-13 18:17:39,pv_inverter,MEDIUM
2026-05-13 18:17:40,pv_inverter,MEDIUM
2026-05-13 18:17:41,pv_inverter,MEDIUM
2026-05-13 18:17:42,pv_inverter,MEDIUM
2026-05-13 18:17:43,pv_inverter,MEDIUM
2026-05-13 18:17:44,pv_inverter,MEDIUM
2026-05-13 18:17:45,pv_inverter,MEDIUM
2026-05-13 18:17:46,pv_inverter,MEDIUM
2026-05-13 18:17:47,pv_inverter,MEDIUM
2026-05-13 18:17:48,pv_inverter,MEDIUM
2026-05-13 18:17:49,pv_inverter,MEDIUM
2026-05-13 18:17:50,pv_inverter,MEDIUM
2026-05-13 18:17:51,pv_inverter,MEDIUM
2026-05-13 18:17:52,pv_inverter,MEDIUM
2026-05-13 18:17:53,pv_inverter,MEDIUM
2026-05-13 18:17:54,pv_inverter,MEDIUM
2026-05-13 18:17:55,pv_inverter,MEDIUM
2026-05-13 18:17:56,pv_inverter,MEDIUM
2026-05-13 18:17:57,pv_inverter,MEDIUM
2026-05-13 18:17:58,pv_inverter,MEDIUM
2026-05-13 18:17:59,pv_inverter,MEDIUM
2026-05-13 18:18:00,pv_inverter,MEDIUM
2026-05-13 18:18:01,pv_inverter,MEDIUM
2026-05-13 18:18:02,pv_inverter,MEDIUM
2026-05-13 18:18:03,pv_inverter,MEDIUM
2026-05-13 18:18:04,pv_inverter,MEDIUM
2026-05-13 18:18:05,pv_inverter,MEDIUM
2026-05-13 18:18:06,pv_inverter,MEDIUM
2026-05-13 18:18:07,pv_inverter,MEDIUM
2026-05-13 18:18:08,pv_inverter,MEDIUM
2026-05-13 18:18:09,pv_inverter,MEDIUM
2026-05-13 18:18:10,pv_inverter,MEDIUM
2026-05-13 18:18:11,pv_inverter,MEDIUM
2026-05-13 18:18:12,pv_inverter,MEDIUM
2026-05-13 18:18:13,pv_inverter,MEDIUM
2026-05-13 18:18:14,pv_inverter,MEDIUM
2026-05-13 18:18:15,pv_inverter,MEDIUM
2026-05-13 18:18:16,pv_inverter,MEDIUM
2026-05-13 18:18:17,pv_inverter,MEDIUM
2026-05-13 18:18:18,pv_inverter,MEDIUM
2026-05-13 18:18:19,pv_inverter,MEDIUM
2026-05-13 18:18:20,fridge,COMPRESSOR_ON
2026-05-13 18:18:21,fridge,COMPRESSOR_ON
2026-05-13 18:18:22,fridge,COMPRESSOR_ON
2026-05-13 18:18:23,fridge,COMPRESSOR_ON
2026-05-13 18:18:24,fridge,COMPRESSOR_ON
2026-05-13 18:18:25,fridge,COMPRESSOR_ON
2026-05-13 18:18:26,fridge,COMPRESSOR_ON
2026-05-13 18:18:27,fridge,COMPRESSOR_ON
2026-05-13 18:18:28,fridge,COMPRESSOR_ON
2026-05-13 18:18:29,fridge,COMPRESSOR_ON
2026-05-13 18:18:30,fridge,COMPRESSOR_ON
2026-05-13 18:18:31,fridge,COMPRESSOR_ON
2026-05-13 18:18:32,fridge,COMPRESSOR_ON
2026-05-13 18:18:33,fridge,COMPRESSOR_ON
2026-05-13 18:18:34,fridge,COMPRESSOR_ON
2026-05-13 18:18:35,fridge,COMPRESSOR_ON
2026-05-13 18:18:36,fridge,COMPRESSOR_ON
2026-05-13 18:18:37,fridge,COMPRESSOR_ON
2026-05-13 18:18:38,fridge,COMPRESSOR_ON
2026-05-13 18:18:39,fridge,COMPRESSOR_ON
2026-05-13 18:18:40,fridge,COMPRESSOR_ON
2026-05-13 18:18:41,fridge,COMPRESSOR_ON
2026-05-13 18:18:42,fridge,COMPRESSOR_ON
2026-05-13 18:18:43,fridge,COMPRESSOR_ON
2026-05-13 18:18:44,fridge,COMPRESSOR_ON
2026-05-13 18:18:45,fridge,COMPRESSOR_ON
2026-05-13 18:18:46,fridge,COMPRESSOR_ON
2026-05-13 18:18:47,fridge,COMPRESSOR_ON
2026-05-13 18:18:48,fridge,COMPRESSOR_ON
2026-05-13 18:18:49,fridge,COMPRESSOR_ON
2026-05-13 18:18:50,fridge,COMPRESSOR_ON
2026-05-13 18:18:51,fridge,COMPRESSOR_ON
2026-05-13 18:18:52,fridge,COMPRESSOR_ON
2026-05-13 18:18:53,fridge,COMPRESSOR_ON
2026-05-13 18:18:54,fridge,COMPRESSOR_ON
2026-05-13 18:18:55,fridge,COMPRESSOR_ON
2026-05-13 18:18:56,fridge,COMPRESSOR_ON
2026-05-13 18:18:57,fridge,COMPRESSOR_ON
2026-05-13 18:18:58,fridge,COMPRESSOR_ON
2026-05-13 18:18:59,fridge,COMPRESSOR_ON
2026-05-13 18:19:00,fridge,COMPRESSOR_ON
2026-05-13 18:19:01,fridge,COMPRESSOR_ON
2026-05-13 18:19:02,fridge,COMPRESSOR_ON
2026-05-13 18:19:03,fridge,COMPRESSOR_ON
2026-05-13 18:19:04,fridge,COMPRESSOR_ON
2026-05-13 18:19:05,fridge,COMPRESSOR_ON
2026-05-13 18:19:06,fridge,COMPRESSOR_ON
2026-05-13 18:19:07,fridge,COMPRESSOR_ON
2026-05-13 18:19:08,fridge,COMPRESSOR_ON
2026-05-13 18:19:09,fridge,COMPRESSOR_ON
2026-05-13 18:19:10,fridge,COMPRESSOR_ON
2026-05-13 18:19:11,fridge,COMPRESSOR_ON
2026-05-13 18:19:12,fridge,COMPRESSOR_ON
2026-05-13 18:19:13,fridge,COMPRESSOR_ON
2026-05-13 18:19:14,fridge,COMPRESSOR_ON
2026-05-13 18:19:15,fridge,COMPRESSOR_ON
2026-05-13 18:19:16,fridge,COMPRESSOR_ON
2026-05-13 18:19:17,fridge,COMPRESSOR_ON
2026-05-13 18:19:18,fridge,COMPRESSOR_ON
2026-05-13 18:19:19,fridge,COMPRESSOR_ON
2026-05-13 18:19:20,fridge,COMPRESSOR_ON
2026-05-13 18:19:21,fridge,COMPRESSOR_ON
2026-05-13 18:19:22,fridge,COMPRESSOR_ON
2026-05-13 18:19:23,fridge,COMPRESSOR_ON
2026-05-13 18:19:24,fridge,COMPRESSOR_ON
2026-05-13 18:19:25,fridge,COMPRESSOR_ON
2026-05-13 18:19:26,fridge,COMPRESSOR_ON
2026-05-13 18:19:27,fridge,COMPRESSOR_ON
2026-05-13 18:19:28,fridge,COMPRESSOR_ON
2026-05-13 18:19:29,fridge,COMPRESSOR_ON
2026-05-13 18:19:30,fridge,COMPRESSOR_ON
2026-05-13 18:19:31,fridge,COMPRESSOR_ON
2026-05-13 18:19:32,fridge,COMPRESSOR_ON
2026-05-13 18:19:33,fridge,COMPRESSOR_ON
2026-05-13 18:19:34,fridge,COMPRESSOR_ON
2026-05-13 18:19:35,fridge,COMPRESSOR_ON
2026-05-13 18:19:36,fridge,COMPRESSOR_ON
2026-05-13 18:19:37,fridge,COMPRESSOR_ON
2026-05-13 18:19:38,fridge,COMPRESSOR_ON
2026-05-13 18:19:39,fridge,COMPRESSOR_ON
2026-05-13 18:19:40,fridge,COMPRESSOR_ON
2026-05-13 18:19:41,fridge,COMPRESSOR_ON
2026-05-13 18:19:42,fridge,COMPRESSOR_ON
2026-05-13 18:19:43,fridge,COMPRESSOR_ON
2026-05-13 18:19:44,fridge,COMPRESSOR_ON
2026-05-13 18:19:45,fridge,COMPRESSOR_ON
2026-05-13 18:19:46,fridge,COMPRESSOR_ON
2026-05-13 18:19:47,fridge,COMPRESSOR_ON
2026-05-13 18:19:48,fridge,COMPRESSOR_ON
2026-05-13 18:19:49,fridge,COMPRESSOR_ON
2026-05-13 18:19:50,fridge,COMPRESSOR_ON
2026-05-13 18:19:51,fridge,COMPRESSOR_ON
2026-05-13 18:19:52,fridge,COMPRESSOR_ON
2026-05-13 18:19:53,fridge,COMPRESSOR_ON
2026-05-13 18:19:54,fridge,COMPRESSOR_ON
2026-05-13 18:19:55,fridge,COMPRESSOR_ON
2026-05-13 18:19:56,fridge,COMPRESSOR_ON
2026-05-13 18:19:57,fridge,COMPRESSOR_ON
2026-05-13 18:19:58,fridge,COMPRESSOR_ON
2026-05-13 18:19:59,fridge,COMPRESSOR_ON
